ts_utc,dex,pool,program_id,tick_spacing,fee_ppm,fee_bps,protocol_fee_ppm,liquidity_u128,sqrt_price_x64,tick_current,mintA,decA,symbolA,mintB,decB,symbolB,base_mint,base_decimals,base_symbol,quote_mint,quote_decimals,quote_symbol,usd_per_quote,mid_usd_per_base,usd_notional,buy_px_usd_per_base,sell_px_usd_per_base,roundtrip_bps,fee_bps_total,impact_bps_total,buy_out_base,sell_in_base,buy_fee_quote,sell_fee_base
2025-10-20T14:39:08.199Z,meteora,HbjYfcWZBjCBYTJpZkLGxqArVmZVu3mQcRudb6Wg1sVh,LBUZKhRxPF3XUpBCjp4YzTKgLccjZhTSDM9YuVaPwxo,20,400000,80,0,,,-1930,,,,,,,pumpCmXqMfrsAkQ5r49WcJnRayYRqmXz6ae8H7H9Dfn,6,PUMP,So11111111111111111111111111111111111111112,9,SOL,191.49962125497072,0.00405009643472798,10,0.004058222094929322,0.004038687935812493,128.23134320786073,80,48.23134320786072,2464.13325,2476.051668,,
2025-10-20T14:39:08.327Z,meteora,HbjYfcWZBjCBYTJpZkLGxqArVmZVu3mQcRudb6Wg1sVh,LBUZKhRxPF3XUpBCjp4YzTKgLccjZhTSDM9YuVaPwxo,20,400000,80,0,,,-1930,,,,,,,pumpCmXqMfrsAkQ5r49WcJnRayYRqmXz6ae8H7H9Dfn,6,PUMP,So11111111111111111111111111111111111111112,9,SOL,191.49962125497072,0.00405009643472798,25,0.00405822204815689,0.004035785314192476,135.39802403722558,80,55.398024037225596,6160.333196,6194.581241,,
2025-10-20T14:39:08.452Z,meteora,HbjYfcWZBjCBYTJpZkLGxqArVmZVu3mQcRudb6Wg1sVh,LBUZKhRxPF3XUpBCjp4YzTKgLccjZhTSDM9YuVaPwxo,20,400000,80,0,,,-1930,,,,,,,pumpCmXqMfrsAkQ5r49WcJnRayYRqmXz6ae8H7H9Dfn,6,PUMP,So11111111111111111111111111111111111111112,9,SOL,191.49962125497072,0.00405009643472798,50,0.004058222047827507,0.0040348187111251335,137.7846406364526,80,57.78464063645258,12320.666393,12392.130497,,
2025-10-20T14:39:08.577Z,meteora,HbjYfcWZBjCBYTJpZkLGxqArVmZVu3mQcRudb6Wg1sVh,LBUZKhRxPF3XUpBCjp4YzTKgLccjZhTSDM9YuVaPwxo,20,400000,80,0,,,-1930,,,,,,,pumpCmXqMfrsAkQ5r49WcJnRayYRqmXz6ae8H7H9Dfn,6,PUMP,So11111111111111111111111111111111111111112,9,SOL,191.49962125497072,0.00405009643472798,100,0.004058222047662815,0.004034335583365342,138.97751987497315,80,58.97751987497316,24641.332787,24787.229008,,
2025-10-20T14:39:08.701Z,meteora,HbjYfcWZBjCBYTJpZkLGxqArVmZVu3mQcRudb6Wg1sVh,LBUZKhRxPF3XUpBCjp4YzTKgLccjZhTSDM9YuVaPwxo,20,400000,80,0,,,-1930,,,,,,,pumpCmXqMfrsAkQ5r49WcJnRayYRqmXz6ae8H7H9Dfn,6,PUMP,So11111111111111111111111111111111111111112,9,SOL,191.49962125497072,0.00405009643472798,250,0.00405822204440192,0.00403404575905143,139.6931103743297,80,59.6931103743297,61603.332017,61972.52459,,
2025-10-20T14:39:08.826Z,meteora,HbjYfcWZBjCBYTJpZkLGxqArVmZVu3mQcRudb6Wg1sVh,LBUZKhRxPF3XUpBCjp4YzTKgLccjZhTSDM9YuVaPwxo,20,400000,80,0,,,-1930,,,,,,,pumpCmXqMfrsAkQ5r49WcJnRayYRqmXz6ae8H7H9Dfn,6,PUMP,So11111111111111111111111111111111111111112,9,SOL,191.49962125497072,0.00405009643472798,500,0.00405822204440192,0.004033949162825601,139.93161389488944,80,59.93161389488942,123206.664034,123948.017146,,
2025-10-20T14:39:08.950Z,meteora,HbjYfcWZBjCBYTJpZkLGxqArVmZVu3mQcRudb6Wg1sVh,LBUZKhRxPF3XUpBCjp4YzTKgLccjZhTSDM9YuVaPwxo,20,400000,80,0,,,-1930,,,,,,,pumpCmXqMfrsAkQ5r49WcJnRayYRqmXz6ae8H7H9Dfn,6,PUMP,So11111111111111111111111111111111111111112,9,SOL,191.49962125497072,0.00405009643472798,1000,0.004058222042837349,0.004033900864869013,140.05086140614242,80,60.0508614061424,246413.328163,247899.002355,,
2025-10-20T14:39:09.075Z,meteora,HbjYfcWZBjCBYTJpZkLGxqArVmZVu3mQcRudb6Wg1sVh,LBUZKhRxPF3XUpBCjp4YzTKgLccjZhTSDM9YuVaPwxo,20,400000,80,0,,,-1930,,,,,,,pumpCmXqMfrsAkQ5r49WcJnRayYRqmXz6ae8H7H9Dfn,6,PUMP,So11111111111111111111111111111111111111112,9,SOL,191.49962125497072,0.00405009643472798,2500,0.004058222042524435,0.004033871887281549,140.12240852857883,80,60.122408528578845,616033.320455,619751.957885,,
2025-10-20T14:39:09.198Z,meteora,HbjYfcWZBjCBYTJpZkLGxqArVmZVu3mQcRudb6Wg1sVh,LBUZKhRxPF3XUpBCjp4YzTKgLccjZhTSDM9YuVaPwxo,20,400000,80,0,,,-1930,,,,,,,pumpCmXqMfrsAkQ5r49WcJnRayYRqmXz6ae8H7H9Dfn,6,PUMP,So11111111111111111111111111111111111111112,9,SOL,191.49962125497072,0.00405009643472798,5000,0.004058222042363038,0.004033862228127258,140.14625732588587,80,60.14625732588588,1232066.640959,1239506.883784,,
2025-10-20T14:39:09.321Z,meteora,HbjYfcWZBjCBYTJpZkLGxqArVmZVu3mQcRudb6Wg1sVh,LBUZKhRxPF3XUpBCjp4YzTKgLccjZhTSDM9YuVaPwxo,20,400000,80,0,,,-1930,,,,,,,pumpCmXqMfrsAkQ5r49WcJnRayYRqmXz6ae8H7H9Dfn,6,PUMP,So11111111111111111111111111111111111111112,9,SOL,191.49962125497072,0.00405009643472798,10000,0.004058222042363038,0.004033857398642309,140.15818169614735,80,60.15818169614735,2464133.281918,2479016.735536,,
2025-10-20T14:39:09.445Z,meteora,HbjYfcWZBjCBYTJpZkLGxqArVmZVu3mQcRudb6Wg1sVh,LBUZKhRxPF3XUpBCjp4YzTKgLccjZhTSDM9YuVaPwxo,20,400000,80,0,,,-1930,,,,,,,pumpCmXqMfrsAkQ5r49WcJnRayYRqmXz6ae8H7H9Dfn,6,PUMP,So11111111111111111111111111111111111111112,9,SOL,191.49962125497072,0.00405009643472798,25000,0.004062375396539341,0.004029745123103478,160.56665800861254,80,80.56665800861252,6154034.908073,6203866.308236,,
2025-10-20T14:39:09.570Z,meteora,HbjYfcWZBjCBYTJpZkLGxqArVmZVu3mQcRudb6Wg1sVh,LBUZKhRxPF3XUpBCjp4YzTKgLccjZhTSDM9YuVaPwxo,20,400000,80,0,,,-1930,,,,,,,pumpCmXqMfrsAkQ5r49WcJnRayYRqmXz6ae8H7H9Dfn,6,PUMP,So11111111111111111111111111111111111111112,9,SOL,191.49962125497072,0.00405009643472798,50000,0.004064389555450955,0.0040216730440205605,185.47035637007866,80,105.47035637007865,12301970.398714,12432636.729219,,
2025-10-20T14:39:09.695Z,meteora,HbjYfcWZBjCBYTJpZkLGxqArVmZVu3mQcRudb6Wg1sVh,LBUZKhRxPF3XUpBCjp4YzTKgLccjZhTSDM9YuVaPwxo,20,400000,80,0,,,-1930,,,,,,,pumpCmXqMfrsAkQ5r49WcJnRayYRqmXz6ae8H7H9Dfn,6,PUMP,So11111111111111111111111111111111111111112,9,SOL,191.49962125497072,0.00405009643472798,100000,0.0040707034172845725,0.004005911015998519,239.97742851376046,80,159.97742851376046,24565778.871384,24963110.663374,,
2025-10-20T14:39:09.828Z,meteora,HbjYfcWZBjCBYTJpZkLGxqArVmZVu3mQcRudb6Wg1sVh,LBUZKhRxPF3XUpBCjp4YzTKgLccjZhTSDM9YuVaPwxo,20,400000,80,0,,,-1930,,,,,,,pumpCmXqMfrsAkQ5r49WcJnRayYRqmXz6ae8H7H9Dfn,6,PUMP,So11111111111111111111111111111111111111112,9,SOL,191.49962125497072,0.00405009643472798,500000,0.00432364168188579,0.003854884864702491,1237.3966811355253,80,1157.3966811355253,115643255.567358,129705559.971008,,
2025-10-20T14:39:25.279Z,meteora,C8Gr6AUuq9hEdSYJzoEpNcdjpojPZwqG5MtQbeouNNwg,LBUZKhRxPF3XUpBCjp4YzTKgLccjZhTSDM9YuVaPwxo,80,300000,60,0,,,81,,,,,,,JUPyiwrYJFskUPiHa7hkeR8VUtAeFoSYbKedZNsDvCN,6,JUP,So11111111111111111111111111111111111111112,9,SOL,191.49962125497072,0.36514976059135096,10,0.36864163226257196,0.3646020286821478,170.62867941860674,60,110.62867941860672,27.126616,27.427165,,
2025-10-20T14:39:25.405Z,meteora,C8Gr6AUuq9hEdSYJzoEpNcdjpojPZwqG5MtQbeouNNwg,LBUZKhRxPF3XUpBCjp4YzTKgLccjZhTSDM9YuVaPwxo,80,300000,60,0,,,81,,,,,,,JUPyiwrYJFskUPiHa7hkeR8VUtAeFoSYbKedZNsDvCN,6,JUP,So11111111111111111111111111111111111111112,9,SOL,191.49962125497072,0.36514976059135096,25,0.36864162682670587,0.36460203134084057,170.62845774082598,60,110.62845774082598,67.816541,68.567912,,
2025-10-20T14:39:25.531Z,meteora,C8Gr6AUuq9hEdSYJzoEpNcdjpojPZwqG5MtQbeouNNwg,LBUZKhRxPF3XUpBCjp4YzTKgLccjZhTSDM9YuVaPwxo,80,300000,60,0,,,81,,,,,,,JUPyiwrYJFskUPiHa7hkeR8VUtAeFoSYbKedZNsDvCN,6,JUP,So11111111111111111111111111111111111111112,9,SOL,191.49962125497072,0.36514976059135096,50,0.3686416186729071,0.36460203399953345,170.62816162967403,60,110.62816162967403,135.633085,137.135823,,
2025-10-20T14:39:25.655Z,meteora,C8Gr6AUuq9hEdSYJzoEpNcdjpojPZwqG5MtQbeouNNwg,LBUZKhRxPF3XUpBCjp4YzTKgLccjZhTSDM9YuVaPwxo,80,300000,60,0,,,81,,,,,,,JUPyiwrYJFskUPiHa7hkeR8VUtAeFoSYbKedZNsDvCN,6,JUP,So11111111111111111111111111111111111111112,9,SOL,191.49962125497072,0.36514976059135096,100,0.36864161731394074,0.3646020353288799,170.6280880074746,60,110.62808800747459,271.266171,274.271645,,
2025-10-20T14:39:25.779Z,meteora,C8Gr6AUuq9hEdSYJzoEpNcdjpojPZwqG5MtQbeouNNwg,LBUZKhRxPF3XUpBCjp4YzTKgLccjZhTSDM9YuVaPwxo,80,300000,60,0,,,81,,,,,,,JUPyiwrYJFskUPiHa7hkeR8VUtAeFoSYbKedZNsDvCN,6,JUP,So11111111111111111111111111111111111111112,9,SOL,191.49962125497072,0.36514976059135096,250,0.36864161649856086,0.36460203559474913,170.62805839636138,60,110.62805839636137,678.165429,685.679112,,
2025-10-20T14:39:25.908Z,meteora,C8Gr6AUuq9hEdSYJzoEpNcdjpojPZwqG5MtQbeouNNwg,LBUZKhRxPF3XUpBCjp4YzTKgLccjZhTSDM9YuVaPwxo,80,300000,60,0,,,81,,,,,,,JUPyiwrYJFskUPiHa7hkeR8VUtAeFoSYbKedZNsDvCN,6,JUP,So11111111111111111111111111111111111111112,9,SOL,191.49962125497072,0.36514976059135096,500,0.3686416162267676,0.36460203559474913,170.62805095302485,60,110.62805095302485,1356.330859,1371.358224,,
2025-10-20T14:39:26.033Z,meteora,C8Gr6AUuq9hEdSYJzoEpNcdjpojPZwqG5MtQbeouNNwg,LBUZKhRxPF3XUpBCjp4YzTKgLccjZhTSDM9YuVaPwxo,80,300000,60,0,,,81,,,,,,,JUPyiwrYJFskUPiHa7hkeR8VUtAeFoSYbKedZNsDvCN,6,JUP,So11111111111111111111111111111111111111112,9,SOL,191.49962125497072,0.36514976059135096,1000,0.3686416160908709,0.36460203586061846,170.6280399502514,60,110.6280399502514,2712.661719,2742.716446,,
2025-10-20T14:39:26.158Z,meteora,C8Gr6AUuq9hEdSYJzoEpNcdjpojPZwqG5MtQbeouNNwg,LBUZKhRxPF3XUpBCjp4YzTKgLccjZhTSDM9YuVaPwxo,80,300000,60,0,,,81,,,,,,,JUPyiwrYJFskUPiHa7hkeR8VUtAeFoSYbKedZNsDvCN,6,JUP,So11111111111111111111111111111111111111112,9,SOL,191.49962125497072,0.36514976059135096,2500,0.3686416159549743,0.3646020359137923,170.6280347723627,60,110.62803477236271,6781.6543,6856.791114,,
2025-10-20T14:39:26.283Z,meteora,C8Gr6AUuq9hEdSYJzoEpNcdjpojPZwqG5MtQbeouNNwg,LBUZKhRxPF3XUpBCjp4YzTKgLccjZhTSDM9YuVaPwxo,80,300000,60,0,,,81,,,,,,,JUPyiwrYJFskUPiHa7hkeR8VUtAeFoSYbKedZNsDvCN,6,JUP,So11111111111111111111111111111111111111112,9,SOL,191.49962125497072,0.36514976059135096,5000,0.36864161592779493,0.3646020359137923,170.62803402802786,60,110.62803402802784,13563.308601,13713.582228,,
2025-10-20T14:39:26.407Z,meteora,C8Gr6AUuq9hEdSYJzoEpNcdjpojPZwqG5MtQbeouNNwg,LBUZKhRxPF3XUpBCjp4YzTKgLccjZhTSDM9YuVaPwxo,80,300000,60,0,,,81,,,,,,,JUPyiwrYJFskUPiHa7hkeR8VUtAeFoSYbKedZNsDvCN,6,JUP,So11111111111111111111111111111111111111112,9,SOL,191.49962125497072,0.36514976059135096,10000,0.36864161592779493,0.3646020359403792,170.6280332999184,60,110.62803329991839,27126.617202,27427.164454,,
2025-10-20T14:39:26.531Z,meteora,C8Gr6AUuq9hEdSYJzoEpNcdjpojPZwqG5MtQbeouNNwg,LBUZKhRxPF3XUpBCjp4YzTKgLccjZhTSDM9YuVaPwxo,80,300000,60,0,,,81,,,,,,,JUPyiwrYJFskUPiHa7hkeR8VUtAeFoSYbKedZNsDvCN,6,JUP,So11111111111111111111111111111111111111112,9,SOL,191.49962125497072,0.36514976059135096,25000,0.36864161590061567,0.3646020359456967,170.62803240996226,60,110.62803240996224,67816.54301,68567.911134,,
2025-10-20T14:39:26.654Z,meteora,C8Gr6AUuq9hEdSYJzoEpNcdjpojPZwqG5MtQbeouNNwg,LBUZKhRxPF3XUpBCjp4YzTKgLccjZhTSDM9YuVaPwxo,80,300000,60,0,,,81,,,,,,,JUPyiwrYJFskUPiHa7hkeR8VUtAeFoSYbKedZNsDvCN,6,JUP,So11111111111111111111111111111111111111112,9,SOL,191.49962125497072,0.36514976059135096,50000,0.36931415021599884,0.3639815522227918,206.0386550595296,60,146.0386550595296,135386.093305,137369.599351,,
2025-10-20T14:39:26.779Z,meteora,C8Gr6AUuq9hEdSYJzoEpNcdjpojPZwqG5MtQbeouNNwg,LBUZKhRxPF3XUpBCjp4YzTKgLccjZhTSDM9YuVaPwxo,80,300000,60,0,,,81,,,,,,,JUPyiwrYJFskUPiHa7hkeR8VUtAeFoSYbKedZNsDvCN,6,JUP,So11111111111111111111111111111111111111112,9,SOL,191.49962125497072,0.36514976059135096,100000,0.371174968889544,0.36224307452172977,304.6090709014635,60,244.60907090146353,269414.719153,276057.727624,,
2025-10-20T14:39:26.907Z,meteora,C8Gr6AUuq9hEdSYJzoEpNcdjpojPZwqG5MtQbeouNNwg,LBUZKhRxPF3XUpBCjp4YzTKgLccjZhTSDM9YuVaPwxo,80,300000,60,0,,,81,,,,,,,JUPyiwrYJFskUPiHa7hkeR8VUtAeFoSYbKedZNsDvCN,6,JUP,So11111111111111111111111111111111111111112,9,SOL,191.49962125497072,0.36514976059135096,500000,0.3879756989146765,0.34704734585249286,1180.8648472314803,60,1120.8648472314803,1288740.509776,1440725.612731,,
2025-10-20T14:39:27.057Z,meteora,C8Gr6AUuq9hEdSYJzoEpNcdjpojPZwqG5MtQbeouNNwg,LBUZKhRxPF3XUpBCjp4YzTKgLccjZhTSDM9YuVaPwxo,80,300000,60,0,,,81,,,,,,,JUPyiwrYJFskUPiHa7hkeR8VUtAeFoSYbKedZNsDvCN,6,JUP,So11111111111111111111111111111111111111112,9,SOL,191.49962125497072,0.36514976059135096,1000000,0.44912873215504356,0.3267860272861563,3410.480215864206,60,3350.480215864206,2226533.126041,3060106.3586,,
2025-10-20T14:39:48.874Z,meteora,J2Gsg3xTDjM8UZjKdEqzBeDwitHb2Ux6TSBX5RzsE42r,LBUZKhRxPF3XUpBCjp4YzTKgLccjZhTSDM9YuVaPwxo,20,400000,80,0,,,1678,,,,,,,27G8MtK7VtTcCHkpASjSDdkWWYfoqT6ggEuKidVJidD4,6,JLP,So11111111111111111111111111111111111111112,9,SOL,191.49962125497072,5.472737891496348,10,5.483706810325161,5.4617917626349,120.04402937753235,80,40.044029377532354,1.823584,1.830901,,
2025-10-20T14:39:48.999Z,meteora,J2Gsg3xTDjM8UZjKdEqzBeDwitHb2Ux6TSBX5RzsE42r,LBUZKhRxPF3XUpBCjp4YzTKgLccjZhTSDM9YuVaPwxo,20,400000,80,0,,,1678,,,,,,,27G8MtK7VtTcCHkpASjSDdkWWYfoqT6ggEuKidVJidD4,6,JLP,So11111111111111111111111111111111111111112,9,SOL,191.49962125497072,5.472737891496348,25,5.48370560748381,5.461791166011579,120.04292167231705,80,40.04292167231704,4.558961,4.577253,,
2025-10-20T14:39:49.124Z,meteora,J2Gsg3xTDjM8UZjKdEqzBeDwitHb2Ux6TSBX5RzsE42r,LBUZKhRxPF3XUpBCjp4YzTKgLccjZhTSDM9YuVaPwxo,20,400000,80,0,,,1678,,,,,,,27G8MtK7VtTcCHkpASjSDdkWWYfoqT6ggEuKidVJidD4,6,JLP,So11111111111111111111111111111111111111112,9,SOL,191.49962125497072,5.472737891496348,50,5.48370560748381,5.461791762634899,120.04183149893132,80,40.04183149893132,9.117922,9.154505,,
2025-10-20T14:39:49.250Z,meteora,J2Gsg3xTDjM8UZjKdEqzBeDwitHb2Ux6TSBX5RzsE42r,LBUZKhRxPF3XUpBCjp4YzTKgLccjZhTSDM9YuVaPwxo,20,400000,80,0,,,1678,,,,,,,27G8MtK7VtTcCHkpASjSDdkWWYfoqT6ggEuKidVJidD4,6,JLP,So11111111111111111111111111111111111111112,9,SOL,191.49962125497072,5.472737891496348,100,5.48370560748381,5.461792060946609,120.04128641214757,80,40.04128641214758,18.235844,18.309009,,
2025-10-20T14:39:49.376Z,meteora,J2Gsg3xTDjM8UZjKdEqzBeDwitHb2Ux6TSBX5RzsE42r,LBUZKhRxPF3XUpBCjp4YzTKgLccjZhTSDM9YuVaPwxo,20,400000,80,0,,,1678,,,,,,,27G8MtK7VtTcCHkpASjSDdkWWYfoqT6ggEuKidVJidD4,6,JLP,So11111111111111111111111111111111111111112,9,SOL,191.49962125497072,5.472737891496348,250,5.483705366915603,5.46179223993365,120.04051978444377,80,40.04051978444378,45.589612,45.772521,,
2025-10-20T14:39:49.502Z,meteora,J2Gsg3xTDjM8UZjKdEqzBeDwitHb2Ux6TSBX5RzsE42r,LBUZKhRxPF3XUpBCjp4YzTKgLccjZhTSDM9YuVaPwxo,20,400000,80,0,,,1678,,,,,,,27G8MtK7VtTcCHkpASjSDdkWWYfoqT6ggEuKidVJidD4,6,JLP,So11111111111111111111111111111111111111112,9,SOL,191.49962125497072,5.472737891496348,500,5.483705306773555,5.46179235925835,120.04019185580445,80,40.04019185580445,91.179225,91.54504,,
2025-10-20T14:39:49.627Z,meteora,J2Gsg3xTDjM8UZjKdEqzBeDwitHb2Ux6TSBX5RzsE42r,LBUZKhRxPF3XUpBCjp4YzTKgLccjZhTSDM9YuVaPwxo,20,400000,80,0,,,1678,,,,,,,27G8MtK7VtTcCHkpASjSDdkWWYfoqT6ggEuKidVJidD4,6,JLP,So11111111111111111111111111111111111111112,9,SOL,191.49962125497072,5.472737891496348,1000,5.488097929092589,5.461792389089526,128.06650807073638,80,48.06650807073637,182.212492,183.090079,,
2025-10-20T14:39:49.753Z,meteora,J2Gsg3xTDjM8UZjKdEqzBeDwitHb2Ux6TSBX5RzsE42r,LBUZKhRxPF3XUpBCjp4YzTKgLccjZhTSDM9YuVaPwxo,20,400000,80,0,,,1678,,,,,,,27G8MtK7VtTcCHkpASjSDdkWWYfoqT6ggEuKidVJidD4,6,JLP,So11111111111111111111111111111111111111112,9,SOL,191.49962125497072,5.472737891496348,2500,5.4920673183780755,5.4617924069882315,135.31949819282545,80,55.319498192825435,455.201995,457.725196,,
2025-10-20T14:39:49.878Z,meteora,J2Gsg3xTDjM8UZjKdEqzBeDwitHb2Ux6TSBX5RzsE42r,LBUZKhRxPF3XUpBCjp4YzTKgLccjZhTSDM9YuVaPwxo,20,400000,80,0,,,1678,,,,,,,27G8MtK7VtTcCHkpASjSDdkWWYfoqT6ggEuKidVJidD4,6,JLP,So11111111111111111111111111111111111111112,9,SOL,191.49962125497072,5.472737891496348,5000,5.493391718389632,5.461792412954467,137.73948261667115,80,57.739482616671154,910.184501,915.450391,,
2025-10-20T14:39:50.004Z,meteora,J2Gsg3xTDjM8UZjKdEqzBeDwitHb2Ux6TSBX5RzsE42r,LBUZKhRxPF3XUpBCjp4YzTKgLccjZhTSDM9YuVaPwxo,20,400000,80,0,,,1678,,,,,,,27G8MtK7VtTcCHkpASjSDdkWWYfoqT6ggEuKidVJidD4,6,JLP,So11111111111111111111111111111111111111112,9,SOL,191.49962125497072,5.472737891496348,10000,5.494054157956418,5.461792412954467,138.94991801467387,80,58.94991801467388,1820.149513,1830.900782,,
2025-10-20T14:39:50.126Z,meteora,J2Gsg3xTDjM8UZjKdEqzBeDwitHb2Ux6TSBX5RzsE42r,LBUZKhRxPF3XUpBCjp4YzTKgLccjZhTSDM9YuVaPwxo,20,400000,80,0,,,1678,,,,,,,27G8MtK7VtTcCHkpASjSDdkWWYfoqT6ggEuKidVJidD4,6,JLP,So11111111111111111111111111111111111111112,9,SOL,191.49962125497072,5.472737891496348,25000,5.497883852299947,5.457300109925349,154.15619600137967,80,74.15619600137967,4547.204101,4581.019826,,
2025-10-20T14:39:50.252Z,meteora,J2Gsg3xTDjM8UZjKdEqzBeDwitHb2Ux6TSBX5RzsE42r,LBUZKhRxPF3XUpBCjp4YzTKgLccjZhTSDM9YuVaPwxo,20,400000,80,0,,,1678,,,,,,,27G8MtK7VtTcCHkpASjSDdkWWYfoqT6ggEuKidVJidD4,6,JLP,So11111111111111111111111111111111111111112,9,SOL,191.49962125497072,5.472737891496348,50000,5.505165309434222,5.447298438230569,185.73660268577396,80,105.73660268577397,9082.3794,9178.861883,,
2025-10-20T14:39:50.378Z,meteora,J2Gsg3xTDjM8UZjKdEqzBeDwitHb2Ux6TSBX5RzsE42r,LBUZKhRxPF3XUpBCjp4YzTKgLccjZhTSDM9YuVaPwxo,20,400000,80,0,,,1678,,,,,,,27G8MtK7VtTcCHkpASjSDdkWWYfoqT6ggEuKidVJidD4,6,JLP,So11111111111111111111111111111111111111112,9,SOL,191.49962125497072,5.472737891496348,100000,5.519408108914006,5.423005384199876,256.1508163289209,80,176.1508163289209,18117.884749,18439.959564,,
2025-10-20T14:39:50.507Z,meteora,J2Gsg3xTDjM8UZjKdEqzBeDwitHb2Ux6TSBX5RzsE42r,LBUZKhRxPF3XUpBCjp4YzTKgLccjZhTSDM9YuVaPwxo,20,400000,80,0,,,1678,,,,,,,27G8MtK7VtTcCHkpASjSDdkWWYfoqT6ggEuKidVJidD4,6,JLP,So11111111111111111111111111111111111111112,9,SOL,191.49962125497072,5.472737891496348,500000,5.756000184058697,5.150961463594424,1185.5503341469998,80,1105.5503341469998,86865.876305,97069.256591,,
2025-10-20T14:40:06.693Z,meteora,4kdxjt8pKEW4qV4ji4HANixwswDJw3Egn8L4x2BEWQqT,LBUZKhRxPF3XUpBCjp4YzTKgLccjZhTSDM9YuVaPwxo,5,60126,12.02528,0,,,17336,,,,,,,3NZ9JMVBmGAqocybic2c7LQCJScmgsAZ6vQqTDzcqmJh,8,WBTC,So11111111111111111111111111111111111111112,9,SOL,191.49962125497072,111094.27675078489,10,111135.80795732385,110987.79134295229,25.348793928949153,12.02528,13.323513928949152,0.00008998,0.0000901,,
2025-10-20T14:40:06.819Z,meteora,4kdxjt8pKEW4qV4ji4HANixwswDJw3Egn8L4x2BEWQqT,LBUZKhRxPF3XUpBCjp4YzTKgLccjZhTSDM9YuVaPwxo,5,60126,12.02528,0,,,17336,,,,,,,3NZ9JMVBmGAqocybic2c7LQCJScmgsAZ6vQqTDzcqmJh,8,WBTC,So11111111111111111111111111111111111111112,9,SOL,191.49962125497072,111094.27675078489,25,111130.86770981508,110997.64684988678,24.0169742460641,12.02528,11.991694246064098,0.00022496,0.00022523,,
2025-10-20T14:40:06.946Z,meteora,4kdxjt8pKEW4qV4ji4HANixwswDJw3Egn8L4x2BEWQqT,LBUZKhRxPF3XUpBCjp4YzTKgLccjZhTSDM9YuVaPwxo,5,60126,12.02528,0,,,17336,,,,,,,3NZ9JMVBmGAqocybic2c7LQCJScmgsAZ6vQqTDzcqmJh,8,WBTC,So11111111111111111111111111111111111111112,9,SOL,191.49962125497072,111094.27675078489,50,111128.39775076123,111002.57525974604,23.35102014568237,12.02528,11.325740145682369,0.00044993,0.00045044,,
2025-10-20T14:40:07.083Z,meteora,4kdxjt8pKEW4qV4ji4HANixwswDJw3Egn8L4x2BEWQqT,LBUZKhRxPF3XUpBCjp4YzTKgLccjZhTSDM9YuVaPwxo,5,60126,12.02528,0,,,17336,,,,,,,3NZ9JMVBmGAqocybic2c7LQCJScmgsAZ6vQqTDzcqmJh,8,WBTC,So11111111111111111111111111111111111111112,9,SOL,191.49962125497072,111094.27675078489,100,111128.39775076123,111002.57525974604,23.35102014568237,12.02528,11.325740145682369,0.00089986,0.00090088,,
2025-10-20T14:40:07.209Z,meteora,4kdxjt8pKEW4qV4ji4HANixwswDJw3Egn8L4x2BEWQqT,LBUZKhRxPF3XUpBCjp4YzTKgLccjZhTSDM9YuVaPwxo,5,60126,12.02528,0,,,17336,,,,,,,3NZ9JMVBmGAqocybic2c7LQCJScmgsAZ6vQqTDzcqmJh,8,WBTC,So11111111111111111111111111111111111111112,9,SOL,191.49962125497072,111094.27675078489,250,111127.90377212556,111004.54674623473,23.129094660727596,12.02528,11.103814660727593,0.00224966,0.00225216,,
2025-10-20T14:40:07.333Z,meteora,4kdxjt8pKEW4qV4ji4HANixwswDJw3Egn8L4x2BEWQqT,LBUZKhRxPF3XUpBCjp4YzTKgLccjZhTSDM9YuVaPwxo,5,60126,12.02528,0,,,17336,,,,,,,3NZ9JMVBmGAqocybic2c7LQCJScmgsAZ6vQqTDzcqmJh,8,WBTC,So11111111111111111111111111111111111111112,9,SOL,191.49962125497072,111094.27675078489,500,111127.65678445456,111004.79318696981,23.08467937485471,12.02528,11.059399374854706,0.00449933,0.00450431,,
2025-10-20T14:40:07.458Z,meteora,4kdxjt8pKEW4qV4ji4HANixwswDJw3Egn8L4x2BEWQqT,LBUZKhRxPF3XUpBCjp4YzTKgLccjZhTSDM9YuVaPwxo,5,60126,12.02528,0,,,17336,,,,,,,3NZ9JMVBmGAqocybic2c7LQCJScmgsAZ6vQqTDzcqmJh,8,WBTC,So11111111111111111111111111111111111111112,9,SOL,191.49962125497072,111094.27675078489,1000,111127.65678445456,111004.9164077477,23.07358782437167,12.02528,11.048307824371669,0.00899866,0.00900861,,
2025-10-20T14:40:07.581Z,meteora,4kdxjt8pKEW4qV4ji4HANixwswDJw3Egn8L4x2BEWQqT,LBUZKhRxPF3XUpBCjp4YzTKgLccjZhTSDM9YuVaPwxo,5,60126,12.02528,0,,,17336,,,,,,,3NZ9JMVBmGAqocybic2c7LQCJScmgsAZ6vQqTDzcqmJh,8,WBTC,So11111111111111111111111111111111111111112,9,SOL,191.49962125497072,111094.27675078489,2500,111127.65678445458,111005.03962879915,23.062496249266992,12.02528,11.037216249266992,0.02249665,0.0225215,,
2025-10-20T14:40:07.706Z,meteora,4kdxjt8pKEW4qV4ji4HANixwswDJw3Egn8L4x2BEWQqT,LBUZKhRxPF3XUpBCjp4YzTKgLccjZhTSDM9YuVaPwxo,5,60126,12.02528,0,,,17336,,,,,,,3NZ9JMVBmGAqocybic2c7LQCJScmgsAZ6vQqTDzcqmJh,8,WBTC,So11111111111111111111111111111111111111112,9,SOL,191.49962125497072,111094.27675078489,5000,111142.42857765255,110993.08846038156,25.467927239695037,12.02528,13.442647239695036,0.04498732,0.04504785,,
2025-10-20T14:40:07.829Z,meteora,4kdxjt8pKEW4qV4ji4HANixwswDJw3Egn8L4x2BEWQqT,LBUZKhRxPF3XUpBCjp4YzTKgLccjZhTSDM9YuVaPwxo,5,60126,12.02528,0,,,17336,,,,,,,3NZ9JMVBmGAqocybic2c7LQCJScmgsAZ6vQqTDzcqmJh,8,WBTC,So11111111111111111111111111111111111111112,9,SOL,191.49962125497072,111094.27675078489,10000,111178.18861824411,110958.85091013998,31.768665034690883,12.02528,19.74338503469088,0.0899457,0.0901235,,
2025-10-20T14:40:07.952Z,meteora,4kdxjt8pKEW4qV4ji4HANixwswDJw3Egn8L4x2BEWQqT,LBUZKhRxPF3XUpBCjp4YzTKgLccjZhTSDM9YuVaPwxo,5,60126,12.02528,0,,,17336,,,,,,,3NZ9JMVBmGAqocybic2c7LQCJScmgsAZ6vQqTDzcqmJh,8,WBTC,So11111111111111111111111111111111111111112,9,SOL,191.49962125497072,111094.27675078489,25000,111295.43118454354,110851.33470327847,52.00001985642925,12.02528,39.974739856429245,0.22462737,0.22552728,,
2025-10-20T14:40:08.077Z,meteora,4kdxjt8pKEW4qV4ji4HANixwswDJw3Egn8L4x2BEWQqT,LBUZKhRxPF3XUpBCjp4YzTKgLccjZhTSDM9YuVaPwxo,5,60126,12.02528,0,,,17336,,,,,,,3NZ9JMVBmGAqocybic2c7LQCJScmgsAZ6vQqTDzcqmJh,8,WBTC,So11111111111111111111111111111111111111112,9,SOL,191.49962125497072,111094.27675078489,50000,111505.83930434095,110663.20302645268,87.87403679766356,12.02528,75.84875679766357,0.44840701,0.45182137,,
2025-10-20T14:40:08.205Z,meteora,4kdxjt8pKEW4qV4ji4HANixwswDJw3Egn8L4x2BEWQqT,LBUZKhRxPF3XUpBCjp4YzTKgLccjZhTSDM9YuVaPwxo,5,60126,12.02528,0,,,17336,,,,,,,3NZ9JMVBmGAqocybic2c7LQCJScmgsAZ6vQqTDzcqmJh,8,WBTC,So11111111111111111111111111111111111111112,9,SOL,191.49962125497072,111094.27675078489,100000,112056.20057719252,110105.41437319382,187.62264298340963,12.02528,175.59736298340962,0.89240934,0.90822055,,
2025-10-20T14:42:16.976Z,meteora,BGm1tav58oGcsQJehL9WXBFXF7D27vZsKefj4xJKD5Y,LBUZKhRxPF3XUpBCjp4YzTKgLccjZhTSDM9YuVaPwxo,10,200000,40,0,,,-1654,,,,,,,So11111111111111111111111111111111111111112,9,SOL,EPjFWdd5AufqSSqeM2qN1xzybapC8G4wEGGkZwyTDt1v,6,USDC,1,191.44139454245683,10,191.63304816163927,191.0592998200164,69.96992071616032,40,29.969920716160324,0.052183066,0.052339771,,
2025-10-20T14:42:17.104Z,meteora,BGm1tav58oGcsQJehL9WXBFXF7D27vZsKefj4xJKD5Y,LBUZKhRxPF3XUpBCjp4YzTKgLccjZhTSDM9YuVaPwxo,10,200000,40,0,,,-1654,,,,,,,So11111111111111111111111111111111111111112,9,SOL,EPjFWdd5AufqSSqeM2qN1xzybapC8G4wEGGkZwyTDt1v,6,USDC,1,191.44139454245683,25,191.63303641020792,191.05859822232358,70.00595504735232,40,30.005955047352316,0.130457673,0.130849908,,
2025-10-20T14:42:17.228Z,meteora,BGm1tav58oGcsQJehL9WXBFXF7D27vZsKefj4xJKD5Y,LBUZKhRxPF3XUpBCjp4YzTKgLccjZhTSDM9YuVaPwxo,10,200000,40,0,,,-1654,,,,,,,So11111111111111111111111111111111111111112,9,SOL,EPjFWdd5AufqSSqeM2qN1xzybapC8G4wEGGkZwyTDt1v,6,USDC,1,191.44139454245683,50,191.63303200342156,191.05836314079434,70.01800441334402,40,30.01800441334402,0.260915352,0.261700138,,
2025-10-20T14:42:17.352Z,meteora,BGm1tav58oGcsQJehL9WXBFXF7D27vZsKefj4xJKD5Y,LBUZKhRxPF3XUpBCjp4YzTKgLccjZhTSDM9YuVaPwxo,10,200000,40,0,,,-1654,,,,,,,So11111111111111111111111111111111111111112,9,SOL,EPjFWdd5AufqSSqeM2qN1xzybapC8G4wEGGkZwyTDt1v,6,USDC,1,191.44139454245683,100,191.63302980002842,191.05824596527927,70.02401001741985,40,30.024010017419858,0.52183071,0.523400597,,
2025-10-20T14:42:17.476Z,meteora,BGm1tav58oGcsQJehL9WXBFXF7D27vZsKefj4xJKD5Y,LBUZKhRxPF3XUpBCjp4YzTKgLccjZhTSDM9YuVaPwxo,10,200000,40,0,,,-1654,,,,,,,So11111111111111111111111111111111111111112,9,SOL,EPjFWdd5AufqSSqeM2qN1xzybapC8G4wEGGkZwyTDt1v,6,USDC,1,191.44139454245683,250,191.6330284779926,191.05817595206497,70.02759812221026,40,30.027598122210264,1.304576784,1.308501972,,
2025-10-20T14:42:17.598Z,meteora,BGm1tav58oGcsQJehL9WXBFXF7D27vZsKefj4xJKD5Y,LBUZKhRxPF3XUpBCjp4YzTKgLccjZhTSDM9YuVaPwxo,10,200000,40,0,,,-1654,,,,,,,So11111111111111111111111111111111111111112,9,SOL,EPjFWdd5AufqSSqeM2qN1xzybapC8G4wEGGkZwyTDt1v,6,USDC,1,191.44139454245683,500,191.63302796386753,191.05815244398994,70.02879921824332,40,30.02879921824332,2.609153575,2.617004266,,
2025-10-20T14:42:17.724Z,meteora,BGm1tav58oGcsQJehL9WXBFXF7D27vZsKefj4xJKD5Y,LBUZKhRxPF3XUpBCjp4YzTKgLccjZhTSDM9YuVaPwxo,10,200000,40,0,,,-1654,,,,,,,So11111111111111111111111111111111111111112,9,SOL,EPjFWdd5AufqSSqeM2qN1xzybapC8G4wEGGkZwyTDt1v,6,USDC,1,191.44139454245683,1000,191.63302778025147,191.05814076296102,70.0293997891326,40,30.029399789132594,5.218307155,5.234008852,,
2025-10-20T14:42:17.846Z,meteora,BGm1tav58oGcsQJehL9WXBFXF7D27vZsKefj4xJKD5Y,LBUZKhRxPF3XUpBCjp4YzTKgLccjZhTSDM9YuVaPwxo,10,200000,40,0,,,-1654,,,,,,,So11111111111111111111111111111111111111112,9,SOL,EPjFWdd5AufqSSqeM2qN1xzybapC8G4wEGGkZwyTDt1v,6,USDC,1,191.44139454245683,2500,191.6330278022854,191.05813373974308,70.02976780002594,40,30.029767800025933,13.045767886,13.085022611,,
2025-10-20T14:42:17.971Z,meteora,BGm1tav58oGcsQJehL9WXBFXF7D27vZsKefj4xJKD5Y,LBUZKhRxPF3XUpBCjp4YzTKgLccjZhTSDM9YuVaPwxo,10,200000,40,0,,,-1654,,,,,,,So11111111111111111111111111111111111111112,9,SOL,EPjFWdd5AufqSSqeM2qN1xzybapC8G4wEGGkZwyTDt1v,6,USDC,1,191.44139454245683,5000,191.63302776556216,191.05813140353763,70.02988791418538,40,30.02988791418538,26.091535777,26.170045542,,
2025-10-20T14:42:18.097Z,meteora,BGm1tav58oGcsQJehL9WXBFXF7D27vZsKefj4xJKD5Y,LBUZKhRxPF3XUpBCjp4YzTKgLccjZhTSDM9YuVaPwxo,10,200000,40,0,,,-1654,,,,,,,So11111111111111111111111111111111111111112,9,SOL,EPjFWdd5AufqSSqeM2qN1xzybapC8G4wEGGkZwyTDt1v,6,USDC,1,191.44139454245683,10000,191.63302776188988,191.0581302317846,70.02994892924225,40,30.02994892924225,52.183071555,52.340091405,,
2025-10-20T14:42:18.221Z,meteora,BGm1tav58oGcsQJehL9WXBFXF7D27vZsKefj4xJKD5Y,LBUZKhRxPF3XUpBCjp4YzTKgLccjZhTSDM9YuVaPwxo,10,200000,40,0,,,-1654,,,,,,,So11111111111111111111111111111111111111112,9,SOL,EPjFWdd5AufqSSqeM2qN1xzybapC8G4wEGGkZwyTDt1v,6,USDC,1,191.44139454245683,25000,191.63302776262435,191.05812953019293,70.02998561546337,40,30.029985615463374,130.457678887,130.850228993,,
2025-10-20T14:42:18.346Z,meteora,BGm1tav58oGcsQJehL9WXBFXF7D27vZsKefj4xJKD5Y,LBUZKhRxPF3XUpBCjp4YzTKgLccjZhTSDM9YuVaPwxo,10,200000,40,0,,,-1654,,,,,,,So11111111111111111111111111111111111111112,9,SOL,EPjFWdd5AufqSSqeM2qN1xzybapC8G4wEGGkZwyTDt1v,6,USDC,1,191.44139454245683,50000,191.63302776188985,191.05812929584232,70.02999781847237,40,30.029997818472367,260.915357775,261.700458307,,
2025-10-20T14:42:18.471Z,meteora,BGm1tav58oGcsQJehL9WXBFXF7D27vZsKefj4xJKD5Y,LBUZKhRxPF3XUpBCjp4YzTKgLccjZhTSDM9YuVaPwxo,10,200000,40,0,,,-1654,,,,,,,So11111111111111111111111111111111111111112,9,SOL,EPjFWdd5AufqSSqeM2qN1xzybapC8G4wEGGkZwyTDt1v,6,USDC,1,191.44139454245683,100000,191.69122731153755,190.99308843183482,76.46749864997958,40,36.46749864997957,521.672282047,523.579155775,,
2025-10-20T14:42:18.597Z,meteora,BGm1tav58oGcsQJehL9WXBFXF7D27vZsKefj4xJKD5Y,LBUZKhRxPF3XUpBCjp4YzTKgLccjZhTSDM9YuVaPwxo,10,200000,40,0,,,-1654,,,,,,,So11111111111111111111111111111111111111112,9,SOL,EPjFWdd5AufqSSqeM2qN1xzybapC8G4wEGGkZwyTDt1v,6,USDC,1,191.44139454245683,500000,192.18005339665683,190.2276532315489,141.98422184366842,40,101.98422184366844,2601.726824209,2628.429628953,,
2025-10-20T14:42:18.723Z,meteora,BGm1tav58oGcsQJehL9WXBFXF7D27vZsKefj4xJKD5Y,LBUZKhRxPF3XUpBCjp4YzTKgLccjZhTSDM9YuVaPwxo,10,200000,40,0,,,-1654,,,,,,,So11111111111111111111111111111111111111112,9,SOL,EPjFWdd5AufqSSqeM2qN1xzybapC8G4wEGGkZwyTDt1v,6,USDC,1,191.44139454245683,1000000,192.94197918705035,189.07095241513184,242.20427150409273,40,202.20427150409273,5182.905266202,5289.019742199,,
2025-10-20T14:42:51.070Z,meteora,9d9mb8kooFfaD3SctgZtkxQypkshx6ezhbKio89ixyy2,LBUZKhRxPF3XUpBCjp4YzTKgLccjZhTSDM9YuVaPwxo,50,200000,40,0,,,359,,,,,,,6p6xgHyF7AeE6TZkSmFsko444wqoP15icUSqi2jfGiPN,6,TRUMP,EPjFWdd5AufqSSqeM2qN1xzybapC8G4wEGGkZwyTDt1v,6,USDC,1,5.992612151505687,10,6.028937695149177,5.9865792865554,110.68438190703655,40,70.68438190703655,1.658667,1.670403,,
2025-10-20T14:42:51.197Z,meteora,9d9mb8kooFfaD3SctgZtkxQypkshx6ezhbKio89ixyy2,LBUZKhRxPF3XUpBCjp4YzTKgLccjZhTSDM9YuVaPwxo,50,200000,40,0,,,359,,,,,,,6p6xgHyF7AeE6TZkSmFsko444wqoP15icUSqi2jfGiPN,6,TRUMP,EPjFWdd5AufqSSqeM2qN1xzybapC8G4wEGGkZwyTDt1v,6,USDC,1,5.992612151505687,25,6.028941329960342,5.9865800033381165,110.68925128348614,40,70.68925128348614,4.146665,4.176007,,
2025-10-20T14:42:51.322Z,meteora,9d9mb8kooFfaD3SctgZtkxQypkshx6ezhbKio89ixyy2,LBUZKhRxPF3XUpBCjp4YzTKgLccjZhTSDM9YuVaPwxo,50,200000,40,0,,,359,,,,,,,6p6xgHyF7AeE6TZkSmFsko444wqoP15icUSqi2jfGiPN,6,TRUMP,EPjFWdd5AufqSSqeM2qN1xzybapC8G4wEGGkZwyTDt1v,6,USDC,1,5.992612151505687,50,6.028942056923101,5.986581436904066,110.68807215963629,40,70.68807215963629,8.293329,8.352012,,
2025-10-20T14:42:51.446Z,meteora,9d9mb8kooFfaD3SctgZtkxQypkshx6ezhbKio89ixyy2,LBUZKhRxPF3XUpBCjp4YzTKgLccjZhTSDM9YuVaPwxo,50,200000,40,0,,,359,,,,,,,6p6xgHyF7AeE6TZkSmFsko444wqoP15icUSqi2jfGiPN,6,TRUMP,EPjFWdd5AufqSSqeM2qN1xzybapC8G4wEGGkZwyTDt1v,6,USDC,1,5.992612151505687,100,6.028942783886034,5.986581795295661,110.68868720250819,40,70.68868720250819,16.586656,16.704023,,
2025-10-20T14:42:51.570Z,meteora,9d9mb8kooFfaD3SctgZtkxQypkshx6ezhbKio89ixyy2,LBUZKhRxPF3XUpBCjp4YzTKgLccjZhTSDM9YuVaPwxo,50,200000,40,0,,,359,,,,,,,6p6xgHyF7AeE6TZkSmFsko444wqoP15icUSqi2jfGiPN,6,TRUMP,EPjFWdd5AufqSSqeM2qN1xzybapC8G4wEGGkZwyTDt1v,6,USDC,1,5.992612151505687,250,6.028943074671257,5.986581866973983,110.68905283087558,40,70.68905283087558,41.466638,41.760057,,
2025-10-20T14:42:51.695Z,meteora,9d9mb8kooFfaD3SctgZtkxQypkshx6ezhbKio89ixyy2,LBUZKhRxPF3XUpBCjp4YzTKgLccjZhTSDM9YuVaPwxo,50,200000,40,0,,,359,,,,,,,6p6xgHyF7AeE6TZkSmFsko444wqoP15icUSqi2jfGiPN,6,TRUMP,EPjFWdd5AufqSSqeM2qN1xzybapC8G4wEGGkZwyTDt1v,6,USDC,1,5.992612151505687,500,6.028943147367568,5.986582010330638,110.68893491845013,40,70.68893491845013,82.933275,83.520112,,
2025-10-20T14:42:51.821Z,meteora,9d9mb8kooFfaD3SctgZtkxQypkshx6ezhbKio89ixyy2,LBUZKhRxPF3XUpBCjp4YzTKgLccjZhTSDM9YuVaPwxo,50,200000,40,0,,,359,,,,,,,6p6xgHyF7AeE6TZkSmFsko444wqoP15icUSqi2jfGiPN,6,TRUMP,EPjFWdd5AufqSSqeM2qN1xzybapC8G4wEGGkZwyTDt1v,6,USDC,1,5.992612151505687,1000,6.028943220063879,5.986582046169802,110.68899642276014,40,70.68899642276014,165.866548,167.040223,,
2025-10-20T14:42:51.943Z,meteora,9d9mb8kooFfaD3SctgZtkxQypkshx6ezhbKio89ixyy2,LBUZKhRxPF3XUpBCjp4YzTKgLccjZhTSDM9YuVaPwxo,50,200000,40,0,,,359,,,,,,,6p6xgHyF7AeE6TZkSmFsko444wqoP15icUSqi2jfGiPN,6,TRUMP,EPjFWdd5AufqSSqeM2qN1xzybapC8G4wEGGkZwyTDt1v,6,USDC,1,5.992612151505687,2500,6.0289432636816676,5.986582067673301,110.68903332534704,40,70.68903332534704,414.666367,417.600556,,
2025-10-20T14:42:52.067Z,meteora,9d9mb8kooFfaD3SctgZtkxQypkshx6ezhbKio89ixyy2,LBUZKhRxPF3XUpBCjp4YzTKgLccjZhTSDM9YuVaPwxo,50,200000,40,0,,,359,,,,,,,6p6xgHyF7AeE6TZkSmFsko444wqoP15icUSqi2jfGiPN,6,TRUMP,EPjFWdd5AufqSSqeM2qN1xzybapC8G4wEGGkZwyTDt1v,6,USDC,1,5.992612151505687,5000,6.028943270951299,5.986582074841134,110.6890334952205,40,70.6890334952205,829.332733,835.201111,,
2025-10-20T14:42:52.193Z,meteora,9d9mb8kooFfaD3SctgZtkxQypkshx6ezhbKio89ixyy2,LBUZKhRxPF3XUpBCjp4YzTKgLccjZhTSDM9YuVaPwxo,50,200000,40,0,,,359,,,,,,,6p6xgHyF7AeE6TZkSmFsko444wqoP15icUSqi2jfGiPN,6,TRUMP,EPjFWdd5AufqSSqeM2qN1xzybapC8G4wEGGkZwyTDt1v,6,USDC,1,5.992612151505687,10000,6.028943278220931,5.986582082008967,110.68903366509394,40,70.68903366509394,1658.665464,1670.40222,,
2025-10-20T14:42:52.317Z,meteora,9d9mb8kooFfaD3SctgZtkxQypkshx6ezhbKio89ixyy2,LBUZKhRxPF3XUpBCjp4YzTKgLccjZhTSDM9YuVaPwxo,50,200000,40,0,,,359,,,,,,,6p6xgHyF7AeE6TZkSmFsko444wqoP15icUSqi2jfGiPN,6,TRUMP,EPjFWdd5AufqSSqeM2qN1xzybapC8G4wEGGkZwyTDt1v,6,USDC,1,5.992612151505687,25000,6.028943281128782,5.986582084876099,110.68903373304332,40,70.68903373304332,4146.663658,4176.005548,,
2025-10-20T14:42:52.441Z,meteora,9d9mb8kooFfaD3SctgZtkxQypkshx6ezhbKio89ixyy2,LBUZKhRxPF3XUpBCjp4YzTKgLccjZhTSDM9YuVaPwxo,50,200000,40,0,,,359,,,,,,,6p6xgHyF7AeE6TZkSmFsko444wqoP15icUSqi2jfGiPN,6,TRUMP,EPjFWdd5AufqSSqeM2qN1xzybapC8G4wEGGkZwyTDt1v,6,USDC,1,5.992612151505687,50000,6.028943282582709,5.986582084876099,110.68903615924198,40,70.68903615924198,8293.327314,8352.011096,,
2025-10-20T14:42:52.565Z,meteora,9d9mb8kooFfaD3SctgZtkxQypkshx6ezhbKio89ixyy2,LBUZKhRxPF3XUpBCjp4YzTKgLccjZhTSDM9YuVaPwxo,50,200000,40,0,,,359,,,,,,,6p6xgHyF7AeE6TZkSmFsko444wqoP15icUSqi2jfGiPN,6,TRUMP,EPjFWdd5AufqSSqeM2qN1xzybapC8G4wEGGkZwyTDt1v,6,USDC,1,5.992612151505687,100000,6.028943282946191,5.986582085234492,110.68903616773454,40,70.68903616773454,16586.654627,16704.022191,,
2025-10-20T14:42:52.690Z,meteora,9d9mb8kooFfaD3SctgZtkxQypkshx6ezhbKio89ixyy2,LBUZKhRxPF3XUpBCjp4YzTKgLccjZhTSDM9YuVaPwxo,50,200000,40,0,,,359,,,,,,,6p6xgHyF7AeE6TZkSmFsko444wqoP15icUSqi2jfGiPN,6,TRUMP,EPjFWdd5AufqSSqeM2qN1xzybapC8G4wEGGkZwyTDt1v,6,USDC,1,5.992612151505687,500000,6.028943283455065,5.986582085449526,110.689036658071,40,70.689036658071,82933.273128,83520.110952,,
2025-10-20T14:42:52.815Z,meteora,9d9mb8kooFfaD3SctgZtkxQypkshx6ezhbKio89ixyy2,LBUZKhRxPF3XUpBCjp4YzTKgLccjZhTSDM9YuVaPwxo,50,200000,40,0,,,359,,,,,,,6p6xgHyF7AeE6TZkSmFsko444wqoP15icUSqi2jfGiPN,6,TRUMP,EPjFWdd5AufqSSqeM2qN1xzybapC8G4wEGGkZwyTDt1v,6,USDC,1,5.992612151505687,1000000,6.037270021685562,5.978355555592278,138.3118289717479,40,98.31182897174791,165637.779395,167270.077984,,
2025-10-20T14:44:02.127Z,meteora,7ubS3GccjhQY99AYNKXjNJqnXjaokEdfdV915xnCb96r,LBUZKhRxPF3XUpBCjp4YzTKgLccjZhTSDM9YuVaPwxo,4,80249,16.04976,0,,,17536,,,,,,,cbbtcf3aa214zXHbiAZQwf4122FBYbraNdFqgw4iMij,8,cbBTC,EPjFWdd5AufqSSqeM2qN1xzybapC8G4wEGGkZwyTDt1v,6,USDC,1,111097.96737182462,10,111148.16049794377,111012.43339253996,28.266644666265755,16.04976,12.216884666265758,0.00008997,0.00009008,,
2025-10-20T14:44:02.255Z,meteora,7ubS3GccjhQY99AYNKXjNJqnXjaokEdfdV915xnCb96r,LBUZKhRxPF3XUpBCjp4YzTKgLccjZhTSDM9YuVaPwxo,4,80249,16.04976,0,,,17536,,,,,,,cbbtcf3aa214zXHbiAZQwf4122FBYbraNdFqgw4iMij,8,cbBTC,EPjFWdd5AufqSSqeM2qN1xzybapC8G4wEGGkZwyTDt1v,6,USDC,1,111097.96737182462,25,111145.68977015071,111007.50410727765,28.487941016451725,16.04976,12.438181016451725,0.00022493,0.00022521,,
2025-10-20T14:44:02.382Z,meteora,7ubS3GccjhQY99AYNKXjNJqnXjaokEdfdV915xnCb96r,LBUZKhRxPF3XUpBCjp4YzTKgLccjZhTSDM9YuVaPwxo,4,80249,16.04976,0,,,17536,,,,,,,cbbtcf3aa214zXHbiAZQwf4122FBYbraNdFqgw4iMij,8,cbBTC,EPjFWdd5AufqSSqeM2qN1xzybapC8G4wEGGkZwyTDt1v,6,USDC,1,111097.96737182462,50,111143.21915219953,111007.50410727765,28.265559094475037,16.04976,12.215799094475036,0.00044987,0.00045042,,
2025-10-20T14:44:02.509Z,meteora,7ubS3GccjhQY99AYNKXjNJqnXjaokEdfdV915xnCb96r,LBUZKhRxPF3XUpBCjp4YzTKgLccjZhTSDM9YuVaPwxo,4,80249,16.04976,0,,,17536,,,,,,,cbbtcf3aa214zXHbiAZQwf4122FBYbraNdFqgw4iMij,8,cbBTC,EPjFWdd5AufqSSqeM2qN1xzybapC8G4wEGGkZwyTDt1v,6,USDC,1,111097.96737182462,100,111143.21915219953,111008.7363875537,28.15464074869449,16.04976,12.104880748694493,0.00089974,0.00090083,,
2025-10-20T14:44:02.634Z,meteora,7ubS3GccjhQY99AYNKXjNJqnXjaokEdfdV915xnCb96r,LBUZKhRxPF3XUpBCjp4YzTKgLccjZhTSDM9YuVaPwxo,4,80249,16.04976,0,,,17536,,,,,,,cbbtcf3aa214zXHbiAZQwf4122FBYbraNdFqgw4iMij,8,cbBTC,EPjFWdd5AufqSSqeM2qN1xzybapC8G4wEGGkZwyTDt1v,6,USDC,1,111097.96737182462,250,111142.72504178966,111008.48992930978,28.132349416835403,16.04976,12.082589416835406,0.00224936,0.00225208,,
2025-10-20T14:44:02.758Z,meteora,7ubS3GccjhQY99AYNKXjNJqnXjaokEdfdV915xnCb96r,LBUZKhRxPF3XUpBCjp4YzTKgLccjZhTSDM9YuVaPwxo,4,80249,16.04976,0,,,17536,,,,,,,cbbtcf3aa214zXHbiAZQwf4122FBYbraNdFqgw4iMij,8,cbBTC,EPjFWdd5AufqSSqeM2qN1xzybapC8G4wEGGkZwyTDt1v,6,USDC,1,111097.96737182462,500,111142.72504178966,111008.48992930978,28.132349416835403,16.04976,12.082589416835406,0.00449872,0.00450416,,
2025-10-20T14:44:02.886Z,meteora,7ubS3GccjhQY99AYNKXjNJqnXjaokEdfdV915xnCb96r,LBUZKhRxPF3XUpBCjp4YzTKgLccjZhTSDM9YuVaPwxo,4,80249,16.04976,0,,,17536,,,,,,,cbbtcf3aa214zXHbiAZQwf4122FBYbraNdFqgw4iMij,8,cbBTC,EPjFWdd5AufqSSqeM2qN1xzybapC8G4wEGGkZwyTDt1v,6,USDC,1,111097.96737182462,1000,111142.60151487365,111008.61315829495,28.110138758350065,16.04976,12.060378758350065,0.00899745,0.00900831,,
2025-10-20T14:44:03.012Z,meteora,7ubS3GccjhQY99AYNKXjNJqnXjaokEdfdV915xnCb96r,LBUZKhRxPF3XUpBCjp4YzTKgLccjZhTSDM9YuVaPwxo,4,80249,16.04976,0,,,17536,,,,,,,cbbtcf3aa214zXHbiAZQwf4122FBYbraNdFqgw4iMij,8,cbBTC,EPjFWdd5AufqSSqeM2qN1xzybapC8G4wEGGkZwyTDt1v,6,USDC,1,111097.96737182462,2500,111142.52739885586,111008.63780412482,28.101249140474863,16.04976,12.051489140474862,0.02249364,0.02252077,,
2025-10-20T14:44:03.136Z,meteora,7ubS3GccjhQY99AYNKXjNJqnXjaokEdfdV915xnCb96r,LBUZKhRxPF3XUpBCjp4YzTKgLccjZhTSDM9YuVaPwxo,4,80249,16.04976,0,,,17536,,,,,,,cbbtcf3aa214zXHbiAZQwf4122FBYbraNdFqgw4iMij,8,cbBTC,EPjFWdd5AufqSSqeM2qN1xzybapC8G4wEGGkZwyTDt1v,6,USDC,1,111097.96737182462,5000,111142.50269353855,111008.63780412482,28.099025398862626,16.04976,12.049265398862627,0.04498729,0.04504154,,
2025-10-20T14:44:03.259Z,meteora,7ubS3GccjhQY99AYNKXjNJqnXjaokEdfdV915xnCb96r,LBUZKhRxPF3XUpBCjp4YzTKgLccjZhTSDM9YuVaPwxo,4,80249,16.04976,0,,,17536,,,,,,,cbbtcf3aa214zXHbiAZQwf4122FBYbraNdFqgw4iMij,8,cbBTC,EPjFWdd5AufqSSqeM2qN1xzybapC8G4wEGGkZwyTDt1v,6,USDC,1,111097.96737182462,10000,111143.93562009759,111007.18371888719,28.358887200565107,16.04976,12.30912720056511,0.08997342,0.09008426,,
2025-10-20T14:44:03.383Z,meteora,7ubS3GccjhQY99AYNKXjNJqnXjaokEdfdV915xnCb96r,LBUZKhRxPF3XUpBCjp4YzTKgLccjZhTSDM9YuVaPwxo,4,80249,16.04976,0,,,17536,,,,,,,cbbtcf3aa214zXHbiAZQwf4122FBYbraNdFqgw4iMij,8,cbBTC,EPjFWdd5AufqSSqeM2qN1xzybapC8G4wEGGkZwyTDt1v,6,USDC,1,111097.96737182462,25000,111180.22073632081,110970.60260011225,34.91762420736295,16.04976,18.86786420736295,0.22486014,0.22528489,,
2025-10-20T14:44:03.507Z,meteora,7ubS3GccjhQY99AYNKXjNJqnXjaokEdfdV915xnCb96r,LBUZKhRxPF3XUpBCjp4YzTKgLccjZhTSDM9YuVaPwxo,4,80249,16.04976,0,,,17536,,,,,,,cbbtcf3aa214zXHbiAZQwf4122FBYbraNdFqgw4iMij,8,cbBTC,EPjFWdd5AufqSSqeM2qN1xzybapC8G4wEGGkZwyTDt1v,6,USDC,1,111097.96737182462,50000,111237.68971421124,110912.90728106856,45.28363716497947,16.04976,29.23387716497947,0.44948794,0.45080416,,
2025-10-20T14:44:03.630Z,meteora,7ubS3GccjhQY99AYNKXjNJqnXjaokEdfdV915xnCb96r,LBUZKhRxPF3XUpBCjp4YzTKgLccjZhTSDM9YuVaPwxo,4,80249,16.04976,0,,,17536,,,,,,,cbbtcf3aa214zXHbiAZQwf4122FBYbraNdFqgw4iMij,8,cbBTC,EPjFWdd5AufqSSqeM2qN1xzybapC8G4wEGGkZwyTDt1v,6,USDC,1,111097.96737182462,100000,111359.34222085561,110790.18149935588,67.28028518097453,16.04976,51.23052518097453,0.89799381,0.90260706,,
2025-10-20T14:44:03.760Z,meteora,7ubS3GccjhQY99AYNKXjNJqnXjaokEdfdV915xnCb96r,LBUZKhRxPF3XUpBCjp4YzTKgLccjZhTSDM9YuVaPwxo,4,80249,16.04976,0,,,17536,,,,,,,cbbtcf3aa214zXHbiAZQwf4122FBYbraNdFqgw4iMij,8,cbBTC,EPjFWdd5AufqSSqeM2qN1xzybapC8G4wEGGkZwyTDt1v,6,USDC,1,111097.96737182462,500000,112422.76828444072,109722.64973519195,259.0891794532801,16.04976,243.03941945328012,4.44749767,4.55694427,,
2025-10-20T14:44:55.959Z,meteora,BVRbyLjjfSBcoyiYFuxbgKYnWuiFaF9CSXEa5vdSZ9Hh,LBUZKhRxPF3XUpBCjp4YzTKgLccjZhTSDM9YuVaPwxo,20,400000,80,0,,,-828,,,,,,,So11111111111111111111111111111111111111112,9,SOL,EPjFWdd5AufqSSqeM2qN1xzybapC8G4wEGGkZwyTDt1v,6,USDC,1,191.21703164452384,10,191.91203612030165,190.83449769411814,136.35159258128604,80,56.351592581286035,0.052107206,0.052401427,,
2025-10-20T14:44:56.087Z,meteora,BVRbyLjjfSBcoyiYFuxbgKYnWuiFaF9CSXEa5vdSZ9Hh,LBUZKhRxPF3XUpBCjp4YzTKgLccjZhTSDM9YuVaPwxo,20,400000,80,0,,,-828,,,,,,,So11111111111111111111111111111111111111112,9,SOL,EPjFWdd5AufqSSqeM2qN1xzybapC8G4wEGGkZwyTDt1v,6,USDC,1,191.21703164452384,25,191.95630595353558,190.83450133589878,138.666563746385,80,58.666563746385,0.130237972,0.131003565,,
2025-10-20T14:44:56.211Z,meteora,BVRbyLjjfSBcoyiYFuxbgKYnWuiFaF9CSXEa5vdSZ9Hh,LBUZKhRxPF3XUpBCjp4YzTKgLccjZhTSDM9YuVaPwxo,20,400000,80,0,,,-828,,,,,,,So11111111111111111111111111111111111111112,9,SOL,EPjFWdd5AufqSSqeM2qN1xzybapC8G4wEGGkZwyTDt1v,6,USDC,1,191.21703164452384,50,191.97107250874876,190.83450133589878,139.43880433009184,80,59.43880433009184,0.260455908,0.26200713,,
2025-10-20T14:44:56.337Z,meteora,BVRbyLjjfSBcoyiYFuxbgKYnWuiFaF9CSXEa5vdSZ9Hh,LBUZKhRxPF3XUpBCjp4YzTKgLccjZhTSDM9YuVaPwxo,20,400000,80,0,,,-828,,,,,,,So11111111111111111111111111111111111111112,9,SOL,EPjFWdd5AufqSSqeM2qN1xzybapC8G4wEGGkZwyTDt1v,6,USDC,1,191.21703164452384,100,191.9784544270007,190.83450170007683,139.8248344870511,80,59.8248344870511,0.520891786,0.524014259,,
2025-10-20T14:44:56.475Z,meteora,BVRbyLjjfSBcoyiYFuxbgKYnWuiFaF9CSXEa5vdSZ9Hh,LBUZKhRxPF3XUpBCjp4YzTKgLccjZhTSDM9YuVaPwxo,20,400000,80,0,,,-828,,,,,,,So11111111111111111111111111111111111111112,9,SOL,EPjFWdd5AufqSSqeM2qN1xzybapC8G4wEGGkZwyTDt1v,6,USDC,1,191.21703164452384,250,191.98288399789251,190.83450177291243,140.0564821608018,80,60.05648216080182,1.302199419,1.310035647,,
2025-10-20T14:44:56.602Z,meteora,BVRbyLjjfSBcoyiYFuxbgKYnWuiFaF9CSXEa5vdSZ9Hh,LBUZKhRxPF3XUpBCjp4YzTKgLccjZhTSDM9YuVaPwxo,20,400000,80,0,,,-828,,,,,,,So11111111111111111111111111111111111111112,9,SOL,EPjFWdd5AufqSSqeM2qN1xzybapC8G4wEGGkZwyTDt1v,6,USDC,1,191.21703164452384,500,191.98436059151976,190.83450191858367,140.13369536421317,80,60.13369536421318,2.604378807,2.620071292,,
2025-10-20T14:44:56.726Z,meteora,BVRbyLjjfSBcoyiYFuxbgKYnWuiFaF9CSXEa5vdSZ9Hh,LBUZKhRxPF3XUpBCjp4YzTKgLccjZhTSDM9YuVaPwxo,20,400000,80,0,,,-828,,,,,,,So11111111111111111111111111111111111111112,9,SOL,EPjFWdd5AufqSSqeM2qN1xzybapC8G4wEGGkZwyTDt1v,6,USDC,1,191.21703164452384,1000,191.98509889685107,190.83450191858367,140.17230622041993,80,60.17230622041992,5.208737583,5.240142584,,
2025-10-20T14:44:56.851Z,meteora,BVRbyLjjfSBcoyiYFuxbgKYnWuiFaF9CSXEa5vdSZ9Hh,LBUZKhRxPF3XUpBCjp4YzTKgLccjZhTSDM9YuVaPwxo,20,400000,80,0,,,-828,,,,,,,So11111111111111111111111111111111111111112,9,SOL,EPjFWdd5AufqSSqeM2qN1xzybapC8G4wEGGkZwyTDt1v,6,USDC,1,191.21703164452384,2500,191.98554188277555,190.8345019477179,140.19547135306675,80,60.19547135306675,13.021813911,13.100356458,,
2025-10-20T14:44:56.976Z,meteora,BVRbyLjjfSBcoyiYFuxbgKYnWuiFaF9CSXEa5vdSZ9Hh,LBUZKhRxPF3XUpBCjp4YzTKgLccjZhTSDM9YuVaPwxo,20,400000,80,0,,,-828,,,,,,,So11111111111111111111111111111111111111112,9,SOL,EPjFWdd5AufqSSqeM2qN1xzybapC8G4wEGGkZwyTDt1v,6,USDC,1,191.21703164452384,5000,191.98568954520468,190.83450196228503,140.20319283377052,80,60.20319283377052,26.043607791,26.200712914,,
2025-10-20T14:44:57.102Z,meteora,BVRbyLjjfSBcoyiYFuxbgKYnWuiFaF9CSXEa5vdSZ9Hh,LBUZKhRxPF3XUpBCjp4YzTKgLccjZhTSDM9YuVaPwxo,20,400000,80,0,,,-828,,,,,,,So11111111111111111111111111111111111111112,9,SOL,EPjFWdd5AufqSSqeM2qN1xzybapC8G4wEGGkZwyTDt1v,6,USDC,1,191.21703164452384,10000,191.98576337281858,190.8345019695686,140.20705338581936,80,60.20705338581936,52.087195552,52.401425826,,
2025-10-20T14:44:57.226Z,meteora,BVRbyLjjfSBcoyiYFuxbgKYnWuiFaF9CSXEa5vdSZ9Hh,LBUZKhRxPF3XUpBCjp4YzTKgLccjZhTSDM9YuVaPwxo,20,400000,80,0,,,-828,,,,,,,So11111111111111111111111111111111111111112,9,SOL,EPjFWdd5AufqSSqeM2qN1xzybapC8G4wEGGkZwyTDt1v,6,USDC,1,191.21703164452384,25000,191.98580767236282,190.83450197248203,140.20936994885966,80,60.20936994885965,130.217958833,131.003564563,,
2025-10-20T14:44:57.357Z,meteora,BVRbyLjjfSBcoyiYFuxbgKYnWuiFaF9CSXEa5vdSZ9Hh,LBUZKhRxPF3XUpBCjp4YzTKgLccjZhTSDM9YuVaPwxo,20,400000,80,0,,,-828,,,,,,,So11111111111111111111111111111111111111112,9,SOL,EPjFWdd5AufqSSqeM2qN1xzybapC8G4wEGGkZwyTDt1v,6,USDC,1,191.21703164452384,50000,192.1765856440001,190.6480545378753,159.93697491164755,80,79.93697491164757,260.177377137,262.263363354,,
2025-10-20T14:44:57.483Z,meteora,BVRbyLjjfSBcoyiYFuxbgKYnWuiFaF9CSXEa5vdSZ9Hh,LBUZKhRxPF3XUpBCjp4YzTKgLccjZhTSDM9YuVaPwxo,20,400000,80,0,,,-828,,,,,,,So11111111111111111111111111111111111111112,9,SOL,EPjFWdd5AufqSSqeM2qN1xzybapC8G4wEGGkZwyTDt1v,6,USDC,1,191.21703164452384,100000,192.53810853977788,190.26520590869174,198.86507240168385,80,118.86507240168386,519.377700126,525.582171067,,
2025-10-20T14:44:57.612Z,meteora,BVRbyLjjfSBcoyiYFuxbgKYnWuiFaF9CSXEa5vdSZ9Hh,LBUZKhRxPF3XUpBCjp4YzTKgLccjZhTSDM9YuVaPwxo,20,400000,80,0,,,-828,,,,,,,So11111111111111111111111111111111111111112,9,SOL,EPjFWdd5AufqSSqeM2qN1xzybapC8G4wEGGkZwyTDt1v,6,USDC,1,191.21703164452384,500000,196.6330563657845,185.70166158176946,651.6747451836158,80,571.6747451836158,2542.807446729,2692.490717321,,
2025-10-20T14:45:22.861Z,meteora,5rCf1DM8LjKTw4YqhnoLcngyZYeNnQqztScTogYHAS6,LBUZKhRxPF3XUpBCjp4YzTKgLccjZhTSDM9YuVaPwxo,4,240000,48,0,,,-4135,,,,,,,So11111111111111111111111111111111111111112,9,SOL,EPjFWdd5AufqSSqeM2qN1xzybapC8G4wEGGkZwyTDt1v,6,USDC,1,191.34651342878556,10,191.5004956224327,191.2698766699486,60.05242511878599,48,12.05242511878599,0.052219186,0.052282148,,
2025-10-20T14:45:22.988Z,meteora,5rCf1DM8LjKTw4YqhnoLcngyZYeNnQqztScTogYHAS6,LBUZKhRxPF3XUpBCjp4YzTKgLccjZhTSDM9YuVaPwxo,4,240000,48,0,,,-4135,,,,,,,So11111111111111111111111111111111111111112,9,SOL,EPjFWdd5AufqSSqeM2qN1xzybapC8G4wEGGkZwyTDt1v,6,USDC,1,191.34651342878556,25,191.50048828794502,191.26987959668193,60.051888854975815,48,12.051888854975813,0.13054797,0.130705368,,
2025-10-20T14:45:23.112Z,meteora,5rCf1DM8LjKTw4YqhnoLcngyZYeNnQqztScTogYHAS6,LBUZKhRxPF3XUpBCjp4YzTKgLccjZhTSDM9YuVaPwxo,4,240000,48,0,,,-4135,,,,,,,So11111111111111111111111111111111111111112,9,SOL,EPjFWdd5AufqSSqeM2qN1xzybapC8G4wEGGkZwyTDt1v,6,USDC,1,191.34651342878556,50,191.5004875544963,191.26988032836525,60.051812285404836,48,12.051812285404834,0.261095941,0.261410735,,
2025-10-20T14:45:23.236Z,meteora,5rCf1DM8LjKTw4YqhnoLcngyZYeNnQqztScTogYHAS6,LBUZKhRxPF3XUpBCjp4YzTKgLccjZhTSDM9YuVaPwxo,4,240000,48,0,,,-4135,,,,,,,So11111111111111111111111111111111111111112,9,SOL,EPjFWdd5AufqSSqeM2qN1xzybapC8G4wEGGkZwyTDt1v,6,USDC,1,191.34651342878556,100,191.5004853541501,191.2698806942069,60.051678173327254,48,12.051678173327256,0.522191888,0.522821469,,
2025-10-20T14:45:23.360Z,meteora,5rCf1DM8LjKTw4YqhnoLcngyZYeNnQqztScTogYHAS6,LBUZKhRxPF3XUpBCjp4YzTKgLccjZhTSDM9YuVaPwxo,4,240000,48,0,,,-4135,,,,,,,So11111111111111111111111111111111111111112,9,SOL,EPjFWdd5AufqSSqeM2qN1xzybapC8G4wEGGkZwyTDt1v,6,USDC,1,191.34651342878556,250,191.50048491408091,191.26988091371192,60.05164370318269,48,12.051643703182695,1.305479723,1.307053671,,
2025-10-20T14:45:23.485Z,meteora,5rCf1DM8LjKTw4YqhnoLcngyZYeNnQqztScTogYHAS6,LBUZKhRxPF3XUpBCjp4YzTKgLccjZhTSDM9YuVaPwxo,4,240000,48,0,,,-4135,,,,,,,So11111111111111111111111111111111111111112,9,SOL,EPjFWdd5AufqSSqeM2qN1xzybapC8G4wEGGkZwyTDt1v,6,USDC,1,191.34651342878556,500,191.50048491408091,191.26988098688025,60.05163987931699,48,12.051639879316985,2.610959446,2.614107341,,
2025-10-20T14:45:23.610Z,meteora,5rCf1DM8LjKTw4YqhnoLcngyZYeNnQqztScTogYHAS6,LBUZKhRxPF3XUpBCjp4YzTKgLccjZhTSDM9YuVaPwxo,4,240000,48,0,,,-4135,,,,,,,So11111111111111111111111111111111111111112,9,SOL,EPjFWdd5AufqSSqeM2qN1xzybapC8G4wEGGkZwyTDt1v,6,USDC,1,191.34651342878556,1000,191.50048487740847,191.26988102346442,60.051636050837764,48,12.051636050837766,5.221918893,5.228214681,,
2025-10-20T14:45:23.760Z,meteora,5rCf1DM8LjKTw4YqhnoLcngyZYeNnQqztScTogYHAS6,LBUZKhRxPF3XUpBCjp4YzTKgLccjZhTSDM9YuVaPwxo,4,240000,48,0,,,-4135,,,,,,,So11111111111111111111111111111111111111112,9,SOL,EPjFWdd5AufqSSqeM2qN1xzybapC8G4wEGGkZwyTDt1v,6,USDC,1,191.34651342878556,2500,191.50048488474295,191.26988104541493,60.05163528698614,48,12.051635286986137,13.054797232,13.070536701,,
2025-10-20T14:45:23.891Z,meteora,5rCf1DM8LjKTw4YqhnoLcngyZYeNnQqztScTogYHAS6,LBUZKhRxPF3XUpBCjp4YzTKgLccjZhTSDM9YuVaPwxo,4,240000,48,0,,,-4135,,,,,,,So11111111111111111111111111111111111111112,9,SOL,EPjFWdd5AufqSSqeM2qN1xzybapC8G4wEGGkZwyTDt1v,6,USDC,1,191.34651342878556,5000,191.50048487740844,191.26988105273176,60.0516345212897,48,12.0516345212897,26.109594465,26.141073401,,
2025-10-20T14:45:24.052Z,meteora,5rCf1DM8LjKTw4YqhnoLcngyZYeNnQqztScTogYHAS6,LBUZKhRxPF3XUpBCjp4YzTKgLccjZhTSDM9YuVaPwxo,4,240000,48,0,,,-4135,,,,,,,So11111111111111111111111111111111111111112,9,SOL,EPjFWdd5AufqSSqeM2qN1xzybapC8G4wEGGkZwyTDt1v,6,USDC,1,191.34651342878556,10000,191.50048487374121,191.2698810600486,60.051633947249826,48,12.05163394724983,52.219188931,52.2821468,,
2025-10-20T14:45:24.182Z,meteora,5rCf1DM8LjKTw4YqhnoLcngyZYeNnQqztScTogYHAS6,LBUZKhRxPF3XUpBCjp4YzTKgLccjZhTSDM9YuVaPwxo,4,240000,48,0,,,-4135,,,,,,,So11111111111111111111111111111111111111112,9,SOL,EPjFWdd5AufqSSqeM2qN1xzybapC8G4wEGGkZwyTDt1v,6,USDC,1,191.34651342878556,25000,191.53538569757464,191.2339924944972,63.75117297288115,48,15.751172972881147,130.52418439,130.729896259,,
2025-10-20T14:45:24.307Z,meteora,5rCf1DM8LjKTw4YqhnoLcngyZYeNnQqztScTogYHAS6,LBUZKhRxPF3XUpBCjp4YzTKgLccjZhTSDM9YuVaPwxo,4,240000,48,0,,,-4135,,,,,,,So11111111111111111111111111111111111111112,9,SOL,EPjFWdd5AufqSSqeM2qN1xzybapC8G4wEGGkZwyTDt1v,6,USDC,1,191.34651342878556,50000,191.60503448355328,191.1447972701155,72.05255288903227,48,24.05255288903227,260.953477213,261.581799317,,
2025-10-20T14:45:24.594Z,meteora,5rCf1DM8LjKTw4YqhnoLcngyZYeNnQqztScTogYHAS6,LBUZKhRxPF3XUpBCjp4YzTKgLccjZhTSDM9YuVaPwxo,4,240000,48,0,,,-4135,,,,,,,So11111111111111111111111111111111111111112,9,SOL,EPjFWdd5AufqSSqeM2qN1xzybapC8G4wEGGkZwyTDt1v,6,USDC,1,191.34651342878556,100000,191.74172153478506,190.9567371239839,89.02423382244149,48,41.02423382244149,521.534902261,523.678826451,,
2025-10-20T14:45:24.779Z,meteora,5rCf1DM8LjKTw4YqhnoLcngyZYeNnQqztScTogYHAS6,LBUZKhRxPF3XUpBCjp4YzTKgLccjZhTSDM9YuVaPwxo,4,240000,48,0,,,-4135,,,,,,,So11111111111111111111111111111111111111112,9,SOL,EPjFWdd5AufqSSqeM2qN1xzybapC8G4wEGGkZwyTDt1v,6,USDC,1,191.34651342878556,500000,193.50019026727693,189.00288177036214,283.0347762457968,48,235.03477624579685,2583.976787358,2645.462308916,,
2025-10-20T14:45:25.148Z,meteora,5rCf1DM8LjKTw4YqhnoLcngyZYeNnQqztScTogYHAS6,LBUZKhRxPF3XUpBCjp4YzTKgLccjZhTSDM9YuVaPwxo,4,240000,48,0,,,-4135,,,,,,,So11111111111111111111111111111111111111112,9,SOL,EPjFWdd5AufqSSqeM2qN1xzybapC8G4wEGGkZwyTDt1v,6,USDC,1,191.34651342878556,1000000,198.70760592835862,182.843081767812,877.0992020845465,48,829.0992020845465,5032.519995035,5469.170560524,,
2025-10-20T14:45:58.598Z,meteora,5rCf1DM8LjKTw4YqhnoLcngyZYeNnQqztScTogYHAS6,LBUZKhRxPF3XUpBCjp4YzTKgLccjZhTSDM9YuVaPwxo,4,80000,16,0,,,-4137,,,,,,,So11111111111111111111111111111111111111112,9,SOL,EPjFWdd5AufqSSqeM2qN1xzybapC8G4wEGGkZwyTDt1v,6,USDC,1,191.19352801540873,10,191.34713703926047,191.11518500733482,28.13179307549389,16,12.13179307549389,0.052261038,0.052324466,,
2025-10-20T14:45:58.723Z,meteora,5rCf1DM8LjKTw4YqhnoLcngyZYeNnQqztScTogYHAS6,LBUZKhRxPF3XUpBCjp4YzTKgLccjZhTSDM9YuVaPwxo,4,80000,16,0,,,-4137,,,,,,,So11111111111111111111111111111111111111112,9,SOL,EPjFWdd5AufqSSqeM2qN1xzybapC8G4wEGGkZwyTDt1v,6,USDC,1,191.19352801540873,25,191.34712678741752,191.11518646833537,28.131180458339752,16,12.131180458339752,0.130652602,0.130811164,,
2025-10-20T14:45:58.852Z,meteora,5rCf1DM8LjKTw4YqhnoLcngyZYeNnQqztScTogYHAS6,LBUZKhRxPF3XUpBCjp4YzTKgLccjZhTSDM9YuVaPwxo,4,80000,16,0,,,-4137,,,,,,,So11111111111111111111111111111111111111112,9,SOL,EPjFWdd5AufqSSqeM2qN1xzybapC8G4wEGGkZwyTDt1v,6,USDC,1,191.19352801540873,50,191.34712605514306,191.11518719883568,28.131103950793126,16,12.131103950793124,0.261305205,0.261622327,,
2025-10-20T14:45:58.976Z,meteora,5rCf1DM8LjKTw4YqhnoLcngyZYeNnQqztScTogYHAS6,LBUZKhRxPF3XUpBCjp4YzTKgLccjZhTSDM9YuVaPwxo,4,80000,16,0,,,-4137,,,,,,,So11111111111111111111111111111111111111112,9,SOL,EPjFWdd5AufqSSqeM2qN1xzybapC8G4wEGGkZwyTDt1v,6,USDC,1,191.19352801540873,100,191.34712202763367,191.11518792933595,28.130855092492247,16,12.130855092492249,0.522610421,0.523244652,,
2025-10-20T14:45:59.102Z,meteora,5rCf1DM8LjKTw4YqhnoLcngyZYeNnQqztScTogYHAS6,LBUZKhRxPF3XUpBCjp4YzTKgLccjZhTSDM9YuVaPwxo,4,80000,16,0,,,-4137,,,,,,,So11111111111111111111111111111111111111112,9,SOL,EPjFWdd5AufqSSqeM2qN1xzybapC8G4wEGGkZwyTDt1v,6,USDC,1,191.19352801540873,250,191.3471213685867,191.115188075436,28.130812980866025,16,12.130812980866025,1.306526057,1.308111629,,
2025-10-20T14:45:59.226Z,meteora,5rCf1DM8LjKTw4YqhnoLcngyZYeNnQqztScTogYHAS6,LBUZKhRxPF3XUpBCjp4YzTKgLccjZhTSDM9YuVaPwxo,4,80000,16,0,,,-4137,,,,,,,So11111111111111111111111111111111111111112,9,SOL,EPjFWdd5AufqSSqeM2qN1xzybapC8G4wEGGkZwyTDt1v,6,USDC,1,191.19352801540873,500,191.34712100244948,191.11518814848606,28.13079001004346,16,12.130790010043459,2.613052119,2.616223257,,
2025-10-20T14:45:59.352Z,meteora,5rCf1DM8LjKTw4YqhnoLcngyZYeNnQqztScTogYHAS6,LBUZKhRxPF3XUpBCjp4YzTKgLccjZhTSDM9YuVaPwxo,4,80000,16,0,,,-4137,,,,,,,So11111111111111111111111111111111111111112,9,SOL,EPjFWdd5AufqSSqeM2qN1xzybapC8G4wEGGkZwyTDt1v,6,USDC,1,191.19352801540873,1000,191.34712081938088,191.11518814848606,28.13078043500139,16,12.130780435001391,5.226104243,5.232446514,,
2025-10-20T14:45:59.477Z,meteora,5rCf1DM8LjKTw4YqhnoLcngyZYeNnQqztScTogYHAS6,LBUZKhRxPF3XUpBCjp4YzTKgLccjZhTSDM9YuVaPwxo,4,80000,16,0,,,-4137,,,,,,,So11111111111111111111111111111111111111112,9,SOL,EPjFWdd5AufqSSqeM2qN1xzybapC8G4wEGGkZwyTDt1v,6,USDC,1,191.19352801540873,2500,191.34712069489422,191.11518817770607,28.130772395676996,16,12.130772395676996,13.065260616,13.081116283,,
2025-10-20T14:45:59.602Z,meteora,5rCf1DM8LjKTw4YqhnoLcngyZYeNnQqztScTogYHAS6,LBUZKhRxPF3XUpBCjp4YzTKgLccjZhTSDM9YuVaPwxo,4,80000,16,0,,,-4137,,,,,,,So11111111111111111111111111111111111111112,9,SOL,EPjFWdd5AufqSSqeM2qN1xzybapC8G4wEGGkZwyTDt1v,6,USDC,1,191.19352801540873,5000,191.34712065095775,191.11518817770607,28.13077009766684,16,12.130770097666842,26.130521238,26.162232566,,
2025-10-20T14:45:59.727Z,meteora,5rCf1DM8LjKTw4YqhnoLcngyZYeNnQqztScTogYHAS6,LBUZKhRxPF3XUpBCjp4YzTKgLccjZhTSDM9YuVaPwxo,4,80000,16,0,,,-4137,,,,,,,So11111111111111111111111111111111111111112,9,SOL,EPjFWdd5AufqSSqeM2qN1xzybapC8G4wEGGkZwyTDt1v,6,USDC,1,191.19352801540873,10000,191.3471206326509,191.11518818501108,28.13076875808939,16,12.130768758089387,52.261042481,52.32446513,,
2025-10-20T14:45:59.852Z,meteora,5rCf1DM8LjKTw4YqhnoLcngyZYeNnQqztScTogYHAS6,LBUZKhRxPF3XUpBCjp4YzTKgLccjZhTSDM9YuVaPwxo,4,80000,16,0,,,-4137,,,,,,,So11111111111111111111111111111111111111112,9,SOL,EPjFWdd5AufqSSqeM2qN1xzybapC8G4wEGGkZwyTDt1v,6,USDC,1,191.19352801540873,25000,191.39119606844463,191.0586313644853,33.39414024163614,16,17.394140241636133,130.622518243,130.849885302,,
2025-10-20T14:45:59.976Z,meteora,5rCf1DM8LjKTw4YqhnoLcngyZYeNnQqztScTogYHAS6,LBUZKhRxPF3XUpBCjp4YzTKgLccjZhTSDM9YuVaPwxo,4,80000,16,0,,,-4137,,,,,,,So11111111111111111111111111111111111111112,9,SOL,EPjFWdd5AufqSSqeM2qN1xzybapC8G4wEGGkZwyTDt1v,6,USDC,1,191.19352801540873,50000,191.46366327798435,190.96670846637508,41.99224025874037,16,25.992240258740363,261.146157678,261.825741259,,
2025-10-20T14:46:00.102Z,meteora,5rCf1DM8LjKTw4YqhnoLcngyZYeNnQqztScTogYHAS6,LBUZKhRxPF3XUpBCjp4YzTKgLccjZhTSDM9YuVaPwxo,4,80000,16,0,,,-4137,,,,,,,So11111111111111111111111111111111111111112,9,SOL,EPjFWdd5AufqSSqeM2qN1xzybapC8G4wEGGkZwyTDt1v,6,USDC,1,191.19352801540873,100000,191.60404200105737,190.7656451097911,59.85069410920062,16,43.85069410920062,521.909657832,524.203401207,,
2025-10-20T14:46:00.228Z,meteora,5rCf1DM8LjKTw4YqhnoLcngyZYeNnQqztScTogYHAS6,LBUZKhRxPF3XUpBCjp4YzTKgLccjZhTSDM9YuVaPwxo,4,80000,16,0,,,-4137,,,,,,,So11111111111111111111111111111111111111112,9,SOL,EPjFWdd5AufqSSqeM2qN1xzybapC8G4wEGGkZwyTDt1v,6,USDC,1,191.19352801540873,500000,193.24600746280908,188.7561905841503,250.83100737054977,16,234.83100737054977,2587.375576679,2648.919743785,,
2025-10-20T14:46:00.375Z,meteora,5rCf1DM8LjKTw4YqhnoLcngyZYeNnQqztScTogYHAS6,LBUZKhRxPF3XUpBCjp4YzTKgLccjZhTSDM9YuVaPwxo,4,80000,16,0,,,-4137,,,,,,,So11111111111111111111111111111111111111112,9,SOL,EPjFWdd5AufqSSqeM2qN1xzybapC8G4wEGGkZwyTDt1v,6,USDC,1,191.19352801540873,1000000,198.1844575352056,182.0481625829663,859.9770487910466,16,843.9770487910466,5045.804360427,5493.051870514,,
